{
  "properties" : {
    "duration" : 15,
    "duration-type" : "fps",
    "repetitions" : 0
  },
  "info" : {
    "version" : 1,
    "author" : "xcode"
  },
  "frames" : [
    {
      "filename" : "carYellow_0000.png"
    },
    {
      "filename" : "carYellow_0001.png"
    },
    {
      "filename" : "carYellow_0002.png"
    },
    {
      "filename" : "carYellow_0003.png"
    },
    {
      "filename" : "carYellow_0004.png"
    },
    {
      "filename" : "carYellow_0005.png"
    },
    {
      "filename" : "carYellow_0006.png"
    },
    {
      "filename" : "carYellow_0007.png"
    },
    {
      "filename" : "carYellow_0008.png"
    },
    {
      "filename" : "carYellow_0009.png"
    },
    {
      "filename" : "carYellow_0010.png"
    },
    {
      "filename" : "carYellow_0011.png"
    }
  ]
}