{
  "stickers" : [
    {
      "filename" : "character.stickersequence"
    },
    {
      "filename" : "coin.stickersequence"
    },
    {
      "filename" : "chest.stickersequence"
    },
    {
      "filename" : "yellowcar.stickersequence"
    },
    {
      "filename" : "car.stickersequence"
    },
    {
      "filename" : "magic-jack.sticker"
    },
    {
      "filename" : "steamboat-marky.sticker"
    },
    {
      "filename" : "coffee-cup.sticker"
    },
    {
      "filename" : "backpack.sticker"
    },
    {
      "filename" : "belt.sticker"
    },
    {
      "filename" : "bomb.sticker"
    },
    {
      "filename" : "book.sticker"
    },
    {
      "filename" : "bronze_coin.sticker"
    },
    {
      "filename" : "clover.sticker"
    },
    {
      "filename" : "feather.sticker"
    },
    {
      "filename" : "ring.sticker"
    }
  ],
  "info" : {
    "version" : 1,
    "author" : "xcode"
  },
  "properties" : {
    "grid-size" : "regular"
  }
}